train_mse_per_epoch,test_mse_per_epoch,train_L1_per_epoch,test_L1_per_epoch,train_huber_per_epoch,test_huber_per_epoch,train_mape_per_epoch,test_mape_per_epoch
0.3802964838801837,0.6015117015157427,0.34641931374722995,0.46850486993789675,0.15463740185002667,0.2375213290963854,5317559.785367334,5307164.828571429
0.15850626412184224,0.24990660888808114,0.21430409003476628,0.29481790491512844,0.07427547323338249,0.11560676651341574,2372412.8893442624,2476866.1214285716
0.007832562367691368,0.01275180314800569,0.048817212256287976,0.0658685211624418,0.0039068307613351165,0.006362839415669441,1076349.8489678202,1287797.6714285715
0.029409693448867087,0.04366921058722905,0.0785985499864719,0.10786655119487218,0.014565372986591217,0.021579826197453907,1038241.1681845781,1268759.6357142858
0.006403231757094164,0.010602372831531934,0.046909035116198865,0.0626149045569556,0.003199840622782169,0.005298447901649134,1007343.9407635094,1172089.6892857142
0.004372200841546674,0.007299881694572312,0.03621293353759381,0.050083896198443,0.002185523243220642,0.0036492774662162577,743392.630616272,908467.7160714286
0.004855594217763681,0.008052330144814083,0.03586414358202587,0.050672719414745056,0.0024272306391355226,0.004025836834417922,583379.717706436,736814.2392857143
0.0044672138670614325,0.00733050461858511,0.035343366995698115,0.04872078512396131,0.0022331279514184415,0.0036646812222898006,668724.9079766242,812377.1071428572
0.004228237280130169,0.006713815086654255,0.03564080409592546,0.04831656749759402,0.0021139525422604745,0.003356853220611811,660536.5890634487,783638.0517857143
0.006610108078889997,0.01031081314597811,0.04344453884409678,0.06078147824321475,0.0033048804232745496,0.005155321769416332,595473.4795651184,715861.3464285714
0.004336160697827809,0.006725680748266833,0.034920246342030815,0.046590521293027064,0.0021679053847430897,0.003362602474434035,562253.5406610504,685524.7214285714
0.002839718388764467,0.004718542471528054,0.02860188850613891,0.03985505593674524,0.001419816146583229,0.002359262481331825,466329.49981026107,579132.25
0.014941251427319713,0.021992735138961248,0.05470168166446121,0.07551259717770985,0.0074608917975754144,0.010973020642995834,586760.2606253795,676805.5035714286
0.00285995898739467,0.00477249382862023,0.028224762576633897,0.039971347366060526,0.0014299391047196699,0.0023862358182668688,434332.42514799634,535481.6660714286
0.00499159365447954,0.008051598417971815,0.036784622977693006,0.052442802701677595,0.002495565449843849,0.004025552781032665,415854.4920878871,515795.525
0.00484820980461044,0.007792830414005688,0.03254713849110826,0.0469145265008722,0.0024231996077085146,0.0038949303994221347,375039.30198846385,475128.78392857144
0.0020847147507773987,0.0033986969451819146,0.025913419811542496,0.03498148449829647,0.0010423464121330364,0.0016993483661540917,383463.43763281725,472989.2982142857
0.0018041129190781231,0.003116360439785889,0.02311680695628968,0.032597701677254266,0.00090204374220773,0.0015581800602376462,387536.74463038857,471904.29732142854
0.0028635346823788696,0.004757373726793698,0.026678897680191105,0.03792092033794948,0.0014317590706830739,0.0023786853732807294,353752.9898679417,436150.1160714286
0.002311596086528096,0.003862562749002661,0.025558790188615222,0.03602445796132088,0.0011557836985214413,0.0019312790594995023,415295.60646250757,494986.5071428571
0.001691325488568153,0.002843137471271413,0.022157716154871235,0.03121464720794133,0.0008456499443947025,0.0014215686824172735,332318.85682301153,419006.83035714284
0.002535020694211261,0.004189731167363269,0.025782676600259076,0.03632678261825017,0.0012674960747426777,0.0020948609403733695,361823.949965847,443103.2410714286
0.0013542554211058062,0.0023642737152320997,0.01967748549484671,0.028095280485493795,0.0006771190566605644,0.0011821368576160499,297348.6970818154,376302.3830357143
0.0027199584818838143,0.004342190681823663,0.02637707512163001,0.03744739602719035,0.0013599691869556434,0.002171094569244555,319387.91556618095,397771.04642857146
0.001709426620903888,0.0028162214705454453,0.021835378402279736,0.030607628183705465,0.0008547073662728886,0.0014081107352727227,309764.71931921673,382194.4392857143
0.004507669027437839,0.006828040469970022,0.03246154572360068,0.04536414721182414,0.002253779248036467,0.0034139500265674932,369495.66133500304,437868.0732142857
0.0020405579216690064,0.0032071541861764022,0.02323897821013321,0.03227314416851316,0.001020272222741122,0.0016035770531743765,322993.95503187616,391931.12946428574
0.001701105027796014,0.0029713044741324014,0.021617735661996013,0.031155074813536236,0.0008505469451884049,0.0014856515186173576,313234.61742941715,378609.84285714285
0.0014253029638378863,0.0024491259628640753,0.01970511942007141,0.028068339079618455,0.000712646209513548,0.0012245629814320376,271527.52863160294,344443.7830357143
0.001763191391924836,0.002896695298009685,0.022129341436331752,0.03067941176039832,0.0008815924015572452,0.0014483472664973565,341559.4156420765,403236.77857142856
0.0010716975331897369,0.0018397334563945021,0.019159952814181282,0.02627911152584212,0.0005358442038493587,0.0009198667281972511,400577.16412416514,456095.65
0.0012306420924311644,0.0021145586523094347,0.01940777536615069,0.027217505712594306,0.0006153153236992159,0.0010572793261547173,322336.5839025501,381797.50089285715
0.0015571844474535207,0.0026841154588120326,0.02018544219805207,0.029028629724468503,0.00077858878173495,0.0013420577294060163,273752.866224575,335987.1544642857
0.0015686430031649709,0.0027497619723102877,0.020578700779927593,0.029828376855169023,0.0007843195450699729,0.0013748809861551439,250128.66356443532,308513.3544642857
0.001521295061647105,0.002562880582575287,0.01938549043191116,0.02794007786682674,0.0007606444377242913,0.0012814402912876435,227073.89941939892,289723.4375
0.0018563922452239933,0.0031837198218064647,0.021892692806661743,0.03120423299925668,0.0009281936447397915,0.0015918599109032323,286674.5601282635,345015.21785714285
0.0013121456568992828,0.0022523386137826102,0.019860876534127363,0.02756198389189584,0.0006560688549197496,0.0011261693068913051,313258.8409039162,370225.67589285714
0.0012253857821788194,0.0020661748413528715,0.021159496678590194,0.028018785055194582,0.0006126904672545533,0.0010330874206764358,324158.0366575592,373000.6544642857
0.001287985231889085,0.00214929633241679,0.018176644481831632,0.025800360419920513,0.0006439897569482236,0.001074648166208395,222216.97633006983,281822.1625
0.0010646798553365963,0.0018304185210061925,0.017325183767972385,0.024506867570536477,0.0005323379536263382,0.0009152092605030963,234802.558809578,289907.2098214286
0.0017029701879261595,0.002885575233293431,0.020911659770568865,0.029888875888926643,0.0008514832245323379,0.0014427875900374992,285015.4325667881,335828.3473214286
0.003051123865407908,0.005201174345399652,0.026834527766823987,0.03866667683635439,0.001525560817604915,0.002600587172699826,293862.5538668792,341028.6473214286
0.0012011110684939032,0.002056831627019814,0.017992451802827984,0.025447726994752885,0.0006005531898247328,0.001028415813509907,261770.47199453553,313391.09464285715
0.0012268709766231228,0.0021119974287492887,0.01924823614942282,0.02674431380416666,0.0006134342199712246,0.0010559987143746443,260783.24086407103,310270.67232142854
0.0038937490603659793,0.00644524773316724,0.02994130473893812,0.044008244574069974,0.0019468604251979859,0.0032225701425756727,280750.4908356102,331016.84375
0.0012787358983633015,0.00199587738939694,0.018712512345822854,0.025526585429906844,0.0006393667379533844,0.00099793869469847,284606.3701237098,332668.9357142857
0.0014372120334149882,0.002451328294617789,0.01948352957638597,0.028249223956039973,0.0007186033296128526,0.0012256629498941557,247723.61689814815,300408.80803571426
0.001591065299709095,0.0024476319285375732,0.020351093115412833,0.027746580434697014,0.000795532091174096,0.0012238159642687866,296567.89657331514,338721.29285714286
0.002677314669916177,0.004168008374316352,0.024372960407452,0.03473435831921441,0.0013386562515251478,0.002084004187158176,225064.83076237098,279122.5419642857
0.0007727925997393112,0.0013908193546480366,0.01567512957642729,0.02189381793141365,0.0003863947222193926,0.0006954096773240183,237772.13392721614,286714.6732142857
0.001785546736441141,0.002978047648710864,0.020992999499449966,0.02983967299972262,0.000892772527938029,0.0014890234385217939,299409.45691029145,342002.4151785714
0.0008557865697040624,0.001522903556802443,0.016281178619194623,0.023396582156419755,0.0004278927109039965,0.0007614517784012215,223555.6234346539,269733.375
0.0006762033510918129,0.0012105565917279039,0.014645855353028939,0.02057927240218435,0.000338100597802968,0.0006052782958639519,245455.1781268974,290984.7357142857
0.001330723366137474,0.0022168428104903017,0.018325175503048307,0.025966114550828933,0.0006653611911132787,0.0011084214052451509,238923.1421523983,286159.29107142857
0.002374274921380142,0.0041019207132714135,0.02329077627498523,0.034640848423753465,0.0011871369020096192,0.0020509603566357068,191138.1515444748,238780.4669642857
0.0008648375972215387,0.001486524154565164,0.01540468975112213,0.02172008731535503,0.00043241838695148925,0.000743262077282582,206002.4607999393,251066.04196428572
0.0005751775310693719,0.0010701646429619619,0.013226943370463744,0.01900797060557774,0.00028758827329649456,0.0005350823214809809,208366.69955790832,251067.0875
0.001337642194906789,0.00222387959781502,0.017890259009431402,0.02511702978185245,0.0006688207383471149,0.00111193979890751,222625.88869914997,262841.7392857143
0.0009961856708157316,0.001666934262695057,0.017666697300830318,0.024709337364350048,0.0004980925628532326,0.0008334671313475285,198486.35038137523,243232.1625
0.0009112006172641849,0.0015316095003592117,0.017876208393987774,0.023783161065408162,0.00045559987491963663,0.0007658047501796059,380546.4353369763,412360.01875
0.0008974823047269564,0.0015581577816712005,0.016164797670917577,0.022927535963909968,0.00044874085605927104,0.0007790788908356003,215573.40289162114,255104.4017857143
0.0008558412464889718,0.0014842779874535545,0.01520385595890125,0.021509663867098943,0.0004279204264623025,0.0007421389937267772,196922.55929341225,237501.08616071427
0.0006117486226998391,0.0011341181118041277,0.01364809824985016,0.019459947305066245,0.0003058741745071369,0.0005670590559020639,179297.61669892227,219506.73080357144
0.0009295437650378447,0.0016884216905704566,0.015745922028520792,0.023269228477563176,0.0004647717485034699,0.0008442108452852283,196681.5422548573,238246.4044642857
0.001044848944842544,0.0017373582547796625,0.017749653133927294,0.02452369848532336,0.0005224241998666387,0.0008686791273898312,218515.64356595324,258839.78928571427
0.0011403427997057772,0.001926398343805756,0.018223304898632463,0.024712410622409413,0.000570170994413735,0.000963199171902878,214345.26424939284,259841.55535714285
0.0009870222028493022,0.0016674572601914407,0.016504911934299836,0.023085005368505204,0.0004935108520541257,0.0008337286300957203,238423.5307946266,276361.91607142857
0.0030884816476415885,0.004950215707400015,0.027293105644208414,0.03813117753182139,0.001544240537694976,0.002475106336974672,279247.3859858834,312941.46964285715
0.002295993058913985,0.0035178635136357377,0.02294746265109373,0.031526675181729455,0.0011479964389824254,0.0017589317568178688,207880.93602003643,246200.14285714287
0.0010514924599990955,0.0016055800419832978,0.01741387851368896,0.023120064394814628,0.0005257461960715851,0.0008027900209916489,238964.4573561779,272493.6544642857
0.0011075134507850329,0.0018528612796217202,0.0178192328915009,0.025043882110289167,0.000553756541050586,0.0009264306398108601,215454.3935374924,252671.14732142858
0.0020595345059189205,0.0033962436552558628,0.023341446598108495,0.03277602813073567,0.001029767185103535,0.0016981218276279314,251983.93571645417,285354.08035714284
0.0028547736907713725,0.004597234366727727,0.025990751292047604,0.0360036025089877,0.0014273867843153534,0.0022986171833638634,350912.2227155434,380376.20535714284
0.0012460081419202373,0.002111670594396336,0.017818781533111713,0.025272718338029725,0.0006230040008423293,0.001055835297198168,192267.65453286277,231061.79151785714
0.0011350036997112836,0.0019450449384748937,0.018319653398026534,0.025246907557759966,0.0005675017254531121,0.0009725224692374468,305616.42116347904,333487.23392857146
0.002132111632462498,0.0035366378192390716,0.02385793381744377,0.0347762294113636,0.0010660557687321014,0.0017683189096195358,190235.29289996965,225976.89821428573
0.0028695939319365463,0.004661247240645545,0.025253639614710537,0.036670997100217005,0.0014347969026360762,0.0023306236203227723,204592.7682054493,241404.09866071428
0.0006779725271425282,0.0011041725586567607,0.016556931099767892,0.021246355346270968,0.00033898623360156376,0.0005520862793283803,336119.83469945355,361445.95
0.0019925948160032683,0.0030601655798298973,0.024012404439137353,0.03345855410609926,0.0009962974080016342,0.0015300827899149487,230396.15008348512,263273.99553571426
0.00107350606348594,0.0018271275596427065,0.017095137929230585,0.02383785950286048,0.000536752968410773,0.0009135637798213533,223963.32871319065,255811.98303571428
0.0014138047369372305,0.002216729169179286,0.02162151581267914,0.027989115778888976,0.0007069023616830228,0.001108364584589643,313729.2733189132,343829.7446428572
0.0005170730982971297,0.0009447844632502114,0.012010502853472087,0.017229664272495678,0.0002585365434939044,0.0004723922316251057,175417.23351168793,207845.30535714285
0.0005337238699747968,0.0009553772663431509,0.012777805254293088,0.017853494307824545,0.0002668619338564663,0.00047768863317157543,197715.31583940497,231541.79196428572
0.0005080175774627714,0.0008866162671308433,0.012585865855036031,0.017374109849333762,0.0002540087887313857,0.00044330813356542164,202461.98545651184,231187.03125
0.0011196788622710445,0.0018930834052818162,0.017364118871933305,0.023575202482087273,0.0005598394062550163,0.0009465417026409081,201264.16885815118,236412.90982142856
0.0008305010691728459,0.001449032437189349,0.01503993592970865,0.021540621614881923,0.00041525050518218865,0.0007245162185946745,177715.7652929569,213539.1875
0.0015188346574655223,0.0023978794791868754,0.02154732625038065,0.029680394913469042,0.0007594173185543723,0.0011989397395934377,194860.87296979356,233384.72678571427
0.000630302010890058,0.0010612480941095523,0.01297195647850533,0.018165796462978636,0.0003151509816954551,0.0005306240470547761,177637.14554872495,212417.60803571428
0.0013676007971242206,0.0022756062181932585,0.016783810891866972,0.023775574564933778,0.0006838003702888081,0.0011378031090966292,206998.713835762,238469.55401785715
0.0013096015673833626,0.002297379728406668,0.0171162383727001,0.024596494968448367,0.0006548007836916813,0.001148689864203334,192608.04400045538,222932.70625
0.0010128210416899424,0.0017208800118948733,0.015819007222063988,0.02199704849294254,0.0005064105197140392,0.0008604400059474366,221091.17699795082,251121.34151785713
0.0014766792754875072,0.002431088566247906,0.018059021372033673,0.02578288061278207,0.0007383396377437536,0.001215544283123953,209572.33986035216,238310.92767857143
0.0005997939335841642,0.0010855927531208311,0.012622769258160915,0.018026354749287876,0.00029989696566115,0.0005427963765604156,183322.00195431086,213914.72232142856
0.000823276359110089,0.0013910759938880802,0.0164422759289769,0.022925987680043492,0.0004116381795550445,0.0006955379969440401,212445.165727459,238715.33392857143
0.0004157072325124285,0.000760810511253242,0.011258408332805635,0.015830751827784945,0.00020785361625621425,0.000380405255626621,157237.58290642078,187820.82589285713
0.0010083678778802097,0.0016023149048643452,0.019421625968338,0.026163656477417266,0.0005041839389401049,0.0008011574524321726,264392.85022009717,286938.54375
0.0004606567580919005,0.000862593822447317,0.011624904809170191,0.01667139455676079,0.00023032837904595025,0.0004312969112236585,163161.0589708561,192968.86785714285
0.00040960625451172373,0.0007582169292228562,0.01167291517662926,0.0160568609301533,0.00020480312725586186,0.0003791084646114281,165136.95181580147,196078.75803571427
0.0005866371784837035,0.0010710280954039522,0.013401478282433245,0.01888218990394047,0.00029331858924185175,0.0005355140477019761,177289.6533375076,207659.35223214285
0.002961734788459525,0.0048035090523106715,0.03029543353650667,0.043269206583499906,0.0014808673942297624,0.0024017545261553357,271678.3268252884,288687.67767857143
0.00038406341165614057,0.0006928153336048127,0.011938129951493192,0.016182454781872885,0.00019203170582807029,0.00034640766680240633,158276.40297700363,187625.35446428572
0.0009480894140477344,0.001604239655924695,0.016899971805996943,0.02340591640344688,0.0004740447070238672,0.0008021198279623475,250824.55088797814,274737.04107142857
0.0005361061322270385,0.0009393676649779081,0.012489114161388542,0.01763704541538443,0.00026805306611351926,0.00046968383248895406,151078.58513585306,179509.66473214285
0.0011563226686644695,0.001928965953577842,0.019488539908626402,0.027525029225008827,0.0005781613343322347,0.000964482976788921,190722.35248747724,218297.48571428572
0.0007560033375639344,0.001278543086456401,0.014348616629599185,0.0198430210351944,0.0003780016687819672,0.0006392715432282006,231901.50532217667,250133.12589285715
0.0007127968864229864,0.0012592264550871082,0.013176867621880122,0.018755101040005683,0.0003563984432114932,0.0006296132275435541,166794.13226700062,193735.3236607143
0.0003031819910334783,0.0005852967251225241,0.010110652371652935,0.014283575011151177,0.00015159099551673914,0.00029264836256126205,151248.02543450214,178383.8455357143
0.0004890951215663872,0.0008746900296370898,0.012004108297676482,0.01672343707510403,0.0002445475607831936,0.0004373450148185449,208019.8962602459,226676.32232142857
0.0022309693782383935,0.0034614029207399913,0.02764262944464439,0.037316587780203136,0.0011154846845954683,0.0017307014603699957,249437.35991575592,279444.80803571426
0.0004936468498361465,0.0009325355524197221,0.011390624999316918,0.016433471121958323,0.00024682342491807324,0.00046626777620986106,146557.47243093504,175992.16160714286
0.0008243537983932302,0.0013512729667127133,0.014782753156675632,0.02074134626558849,0.0004121768991966151,0.0006756364833563566,187083.8524779903,209689.09732142856
0.00038998055828929755,0.0007314510211082441,0.01180108060351215,0.01585321415747915,0.00019499027914464878,0.00036572551055412205,176271.67100220098,204131.91964285713
0.00125118925586189,0.002040329515667898,0.01720379457967927,0.024533301006470408,0.000625594627930945,0.001020164757833949,169610.9371679569,191585.15401785713
0.0013563404223117153,0.002375018084421754,0.018426114986760913,0.026900204377514975,0.0006781702111558576,0.001187509042210877,182146.18309805708,202436.29330357144
0.0006992189759944419,0.001065080992079207,0.012909380369607652,0.017532541177102498,0.00034960948799722094,0.0005325404960396035,166509.39771174864,188249.5625
0.0010105008941862458,0.0016497813298233918,0.016437146915592202,0.023546242394617625,0.0005052504470931229,0.0008248906649116959,144013.8585686096,171255.696875
0.0009412144553357352,0.0015277432277798653,0.0151166725478519,0.02110415803534644,0.0004706072276678676,0.0007638716138899327,215231.59850295994,234865.63928571428
0.0008837516774702195,0.0014978920575231315,0.016857131281963752,0.023905873351863453,0.00044187583873510973,0.0007489460287615657,227763.432756527,244894.51428571428
0.00038911768962031443,0.0006857997870870999,0.010605093520915031,0.014849385619163514,0.00019455884481015722,0.00034289989354354994,139018.8341302368,165209.41785714286
0.0009493769121621512,0.001593051158956119,0.01653099648821839,0.02270833786044802,0.0004746884560810756,0.0007965255794780595,181206.17912302673,205023.93258928572
0.0008047698817708381,0.0013186457067994135,0.014095156415663637,0.019707934132644107,0.00040238494088541904,0.0006593228533997068,140856.38772199454,168138.10580357144
0.0012113970945618648,0.0020104877850306885,0.019006912066682077,0.027172316185065677,0.0006056985472809324,0.0010052438925153442,190494.7214917274,209417.89196428572
0.00059265295499424,0.0010087411218721951,0.013340411793144276,0.01890170281486852,0.00029632647749712,0.0005043705609360976,147688.65050091073,171605.00223214287
0.0005127913131617218,0.0008832221950537392,0.011569263815594828,0.01629343298929078,0.0002563956565808609,0.0004416110975268696,132383.68517095476,157790.55089285714
0.00034775721333620127,0.000704827786622835,0.010375383686054888,0.015163116902112962,0.00017387860666810063,0.0003524138933114175,147447.3971709927,173603.91696428572
0.0003990734384756232,0.0007040402336445238,0.011167348305393366,0.015362531904663359,0.0001995367192378116,0.0003520201168222619,174909.1183117031,194491.31294642857
0.00032299326588702235,0.0006100981496274471,0.010612985779122468,0.014741432719996997,0.00016149663294351117,0.0003050490748137236,193064.46655851547,208200.89017857143
0.0003941098418800385,0.0007186378302451755,0.010786093052184864,0.015246736630797387,0.00019705492094001926,0.00035931891512258775,130407.91924711596,153474.27366071427
0.0005468428536045688,0.0009285052772611379,0.012868819042416001,0.018125400160040175,0.0002734214268022844,0.00046425263863056896,140731.00298838798,164100.66160714286
0.00032984701200624737,0.0006009583145246974,0.010312268084099456,0.014563140007002012,0.00016492350600312369,0.0003004791572623487,146898.24837773223,168771.62857142856
0.0011348208769407795,0.0018538835724549634,0.015427939879352313,0.021705161247934614,0.0005674104384703897,0.0009269417862274817,153077.78153460837,177856.4558035714
0.0005768560639027852,0.0010705883814288036,0.011771205268148842,0.01715954329286303,0.0002884280319513926,0.0005352941907144018,118101.45078646782,144095.04196428572
0.0007995860938816295,0.0013632312317245774,0.01515217338257221,0.021318275055715017,0.00039979304694081475,0.0006816156158622887,188178.8936797966,207438.73482142857
0.0009798585951388218,0.0015729338795478856,0.016426191584370538,0.022182319526161468,0.0004899292975694109,0.0007864669397739428,250532.4105855343,267958.9392857143
0.0014561915279065814,0.00237556304782629,0.021823448424737022,0.0306769996881485,0.0007280957639532907,0.001187781523913145,201579.29548041895,219421.41517857142
0.0021373590557091275,0.0033094925273741992,0.023313314000819766,0.032543160021305084,0.0010686795120215147,0.0016547462636870996,256303.8402208561,270589.7669642857
0.00040977552726680473,0.0007194115613986338,0.011248400955645874,0.015298442648989814,0.00020488776363340237,0.0003597057806993169,206359.13856633272,222500.91696428572
0.0007218527059824532,0.001292377690385495,0.014049141301361263,0.02076103293469974,0.0003609263529912266,0.0006461888451927475,122587.2219613312,144759.77589285714
0.003395616193938125,0.0054768093728593415,0.03290280739312543,0.04734376466700009,0.0016978080969690624,0.0027384046864296708,237529.0021250759,260444.77321428573
0.0008944465884298163,0.001581286359578371,0.01625390682125189,0.023866455469812666,0.00044722329421490814,0.0007906431797891855,142392.42580259562,162634.35892857143
0.00029231758031069,0.0005333973460697702,0.010403711785311834,0.013937821718198913,0.000146158790155345,0.0002666986730348851,170214.18837279902,193658.3723214286
0.0002972584361591872,0.0005481143764752362,0.009367592679138753,0.013481723836490087,0.0001486292180795936,0.0002740571882376181,103817.51257969034,127558.86919642857
0.0008072982375828394,0.0014705105651436107,0.015302177235873163,0.02254829965531826,0.0004036491187914197,0.0007352552825718053,167305.5557737553,181507.17544642856
0.001102189907326878,0.0017386772935943943,0.01831944697464714,0.023727585694619586,0.000551094953663439,0.0008693386467971972,236146.67885739222,254965.74910714285
0.0005539969952367631,0.0009931853939113872,0.013282649944529037,0.018337192386388777,0.00027699849761838154,0.0004965926969556936,210052.03025387067,228328.95089285713
0.002665688808493963,0.0042371091565915515,0.026179802174830916,0.0381506826196398,0.0013328444042469815,0.0021185545782957758,135859.4611319824,161356.86473214286
0.0005451811103238744,0.0009533178427123598,0.011124737440304787,0.01587375226829733,0.0002725905551619372,0.0004766589213561799,130100.76417349727,154481.9089285714
0.00038347140972193783,0.0006698650840137686,0.011520857268488617,0.015138348937034607,0.00019173570486096891,0.0003349325420068843,139747.11516203705,161178.73571428572
0.00021149569077804034,0.0004145231413921075,0.008253741691609405,0.011654556702290262,0.00010574784538902017,0.00020726157069605376,126672.0853066181,144979.86026785715
0.0002845980425578167,0.0005155952614066857,0.00896347111286669,0.012601347187800066,0.00014229902127890835,0.00025779763070334284,117014.61362515179,139803.91294642858
0.0005105549260933217,0.0008333048118012292,0.012901048464378263,0.017659125264201846,0.00025527746304666084,0.0004166524059006146,125889.56849100637,150417.74375
0.0007649147902142073,0.0012739237231601563,0.015173126093513978,0.02189457757132394,0.00038245739510710367,0.0006369618615800781,117018.16216036734,140102.3151785714
0.0005802029028334714,0.0009092928908233131,0.012736665055553842,0.017644687316247396,0.0002901014514167357,0.00045464644541165657,113302.60383462356,134502.12901785714
0.0003221767035062873,0.0005943911416190011,0.009893881593863115,0.014264658838510514,0.00016108835175314366,0.00029719557080950057,113056.29545195811,133030.5964285714
0.0007346205746401022,0.0012433412085686411,0.01369088921474285,0.018861312525612968,0.0003673102873200511,0.0006216706042843206,178175.08095210989,197913.87857142856
0.0002353156501320985,0.0004391781786190612,0.008517016716070731,0.011856606602668763,0.00011765782506604926,0.0002195890893095306,119550.01497988768,139714.35982142857
0.0014700032790425008,0.0024270603832389627,0.020632941825468033,0.03019060928906713,0.0007350016395212504,0.0012135301916194813,121673.79444634184,139986.23125
0.0003371074296946569,0.0005805530485564045,0.010663089670951104,0.014059708639979362,0.00016855371484732844,0.00029027652427820224,125403.15117922738,143657.75535714286
0.00021694522316321056,0.0004309188391614173,0.00811255443841219,0.011492251179047994,0.00010847261158160528,0.00021545941958070865,116944.94085837888,137949.02053571428
0.00027622432823580734,0.0005157449615320989,0.009327005371044242,0.01315974901829447,0.00013811216411790367,0.00025787248076604945,114365.4032663555,136360.1205357143
0.00023488872138686923,0.000454720897999193,0.00872089606090593,0.01246060047830854,0.00011744436069343462,0.0002273604489995965,114394.48811760018,133454.62455357143
0.00043967064097127863,0.000766318806979273,0.010712155631760902,0.01511011863393443,0.00021983532048563931,0.0003831594034896365,133081.57080107773,151528.403125
0.0006435179776010518,0.0010746682794498545,0.01430934854021435,0.020137452972786768,0.0003217589888005259,0.0005373341397249273,120102.66004003491,139034.3
0.0003799763286725743,0.0006535649100052459,0.010518501680649694,0.014348222741058894,0.00018998816433628716,0.00032678245500262294,176943.98519087734,196179.446875
0.0005116505218549893,0.000867266021668911,0.013462453428599317,0.01881123296916485,0.00025582526092749467,0.0004336330108344555,177222.47448011537,194437.5955357143
0.00017387122427033906,0.00035577684507838317,0.007374725998088075,0.010627883805760316,8.693561213516953e-05,0.00017788842253919159,103689.38676855646,123862.43258928572
0.0004346934575873071,0.0008289668376424483,0.01061846073332362,0.01539958364197186,0.00021734672879365356,0.00041448341882122417,114073.29862534153,133199.07901785715
0.0008923419369254589,0.0013778461309682047,0.01621975626911839,0.022526457905769348,0.00044617096846272946,0.0006889230654841023,154401.9709794323,171220.67410714287
0.0010311539968674743,0.0017787787531103408,0.0161089497563527,0.023035113513469697,0.0005155769984337372,0.0008893893765551704,183192.84505919853,197702.2767857143
0.0006356766548784677,0.001048405365353184,0.013409967729895311,0.018672814592719078,0.00031783832743923385,0.000524202682676592,165767.9110124469,189639.54642857143
0.000647453617945802,0.0010896791703999043,0.01527176645618898,0.020059286962662425,0.000323726808972901,0.0005448395851999522,303446.980684578,312738.8517857143
0.00028945639804141336,0.0005102467357314058,0.010640731496418615,0.014088134919958455,0.00014472819902070668,0.0002551233678657029,143687.34672890103,162743.28125
0.0006117460891999119,0.0010563015405620848,0.012285249718845469,0.017221813329628535,0.00030587304459995596,0.0005281507702810424,173530.50480039464,191990.4486607143
0.007937679268842712,0.012292161264589855,0.04684195828549994,0.0664249130657741,0.003968761174876806,0.006145905969398362,390474.52477990283,403755.7375
0.0011733750446287336,0.0018527546099254063,0.017605174441426612,0.02456680546913828,0.0005866875223143668,0.0009263773049627031,175934.65913403156,191563.61964285714
0.00020262831428862087,0.00039941878473785306,0.00782120328523223,0.011062716426593917,0.00010131415714431044,0.00019970939236892653,110526.81724347298,128796.47276785714
0.0017767222115428441,0.0029147800124649493,0.020865216790164103,0.03070871074284826,0.0008883611057714221,0.0014573900062324746,105592.94159836066,123985.64776785714
0.0002030409819360412,0.00040657453937456014,0.00802422587747918,0.011241854966751166,0.0001015204909680206,0.00020328726968728007,108294.6049161354,127595.65535714285
0.00031781257729953055,0.000556502358189651,0.010680894457871399,0.014643197347010885,0.00015890628864976528,0.0002782511790948255,106450.59020188221,125613.62700892857
0.00024113512658094225,0.0004863156388247652,0.008092957154667298,0.011928814809237208,0.00012056756329047112,0.0002431578194123826,96528.84992125836,115419.11294642858
0.00026647116108961474,0.0004812527198477515,0.009498728251477118,0.013225426870797361,0.00013323558054480737,0.00024062635992387575,110616.58747438525,128198.09910714286
0.00018123294239972323,0.0003870627318974584,0.007718288547200511,0.011300594945039068,9.061647119986161e-05,0.0001935313659487292,99307.32091492107,116563.41361607143
0.00023381679710289142,0.0004803530921760414,0.008673069904189111,0.012216945152197565,0.00011690839855144571,0.0002401765460880207,116441.16787625228,134056.12633928572
0.0003971317799962066,0.0006843710384730782,0.011128388210095161,0.015200903692415783,0.0001985658899981033,0.0003421855192365391,169496.49380502428,183151.25803571427
0.0002933386452268452,0.0005820820290994432,0.009565384815371825,0.013746782711574009,0.0001466693226134226,0.0002910410145497216,112063.94267038554,130212.43035714286
0.00023958585669643358,0.00045329806328352006,0.009351504023984734,0.013267302513122558,0.00011979292834821679,0.00022664903164176003,102618.91393442624,120818.37321428572
0.00018639372820817792,0.00036783870974821706,0.00812867493495915,0.011317343184990543,9.319686410408896e-05,0.00018391935487410853,102158.61153802367,121214.99419642857
0.00015806791191436034,0.00033660623511033396,0.0070358596580429875,0.010168328561953136,7.903395595718017e-05,0.00016830311755516698,106393.9976282635,123330.796875
0.0007487646952660502,0.0011858976978276457,0.01700315607624591,0.022434465800012862,0.0003743823476330251,0.0005929488489138229,126206.73624392836,145915.51160714286
0.00026749221565067297,0.0005203833853426789,0.008534487553447503,0.012199056201747485,0.00013374610782533649,0.00026019169267133945,125746.94888907863,141554.45625
0.00019626472121357362,0.00040059158678299616,0.007441454358923667,0.010682577240679945,9.813236060678681e-05,0.00020029579339149808,97275.79471197633,114931.80736607143
0.0002660482129160966,0.0005069693084806204,0.009043881933713183,0.01305015959909984,0.0001330241064580483,0.0002534846542403102,78972.90819956739,99426.78504464286
0.00020703015569335955,0.0004219596673335348,0.00801788617160712,0.011502517493707794,0.00010351507784667977,0.0002109798336667674,96401.91363084396,113573.77098214286
0.0002536902972535922,0.0004744977191356676,0.009548783596349471,0.013234156183898449,0.0001268451486267961,0.0002372488595678338,92529.90754022465,110707.32321428572
0.0004197709893501852,0.0007049386123461383,0.012100347326237213,0.01628790061388697,0.0002098854946750926,0.00035246930617306916,170785.91284342745,187636.81964285715
0.002167744789771288,0.00330605184925454,0.02683537457371272,0.03598352319427899,0.001083872394885644,0.00165302592462727,337887.8338646023,355453.1321428571
0.000261643984051872,0.0005097942044293242,0.008441208779210204,0.012082853407732078,0.000130821992025936,0.0002548971022146621,110347.5759667198,127532.36517857143
0.00020677550342349584,0.0003983074250364942,0.00872768588085915,0.012045316344925335,0.00010338775171174792,0.0001991537125182471,107085.88262750456,123059.09955357143
0.00015933031908995016,0.00034393718649101046,0.006843398118184673,0.010073592008224556,7.966515954497508e-05,0.00017196859324550523,85021.2088124241,103583.1341517857
0.0005682021231636796,0.0010016040809984717,0.012139107036767906,0.01692133364932878,0.0002841010615818398,0.0005008020404992359,99142.77264534001,116662.25223214286
0.0009741148286293819,0.0015811547237847532,0.01778626867525311,0.023433659172483853,0.00048705741431469095,0.0007905773618923766,250548.72763926836,263362.26607142854
0.0001645553848164328,0.0003484219595390771,0.007582231081511009,0.010810322953122002,8.22776924082164e-05,0.00017421097976953856,133572.93266165757,148317.01696428572
0.001255581131563751,0.002155528896089111,0.020145620122149308,0.029319757648876735,0.0006277905657818755,0.0010777644480445556,108425.6771592289,125361.3546875
0.0004836828680426271,0.0008281734406149813,0.012550119095174884,0.017957229912281037,0.00024184143402131356,0.00041408672030749066,102240.14211919399,118197.98883928571
0.0002622006592459798,0.0005024999014234968,0.009288489653456912,0.012807437165507248,0.0001311003296229899,0.0002512499507117484,146505.06917880996,160317.75625
0.00042253711994052605,0.0007725236604788474,0.011601567733184671,0.016700225642749242,0.00021126855997026303,0.0003862618302394237,139758.64083371282,153405.7526785714
0.00021128744126139767,0.00040705916970702153,0.007775500789963265,0.010854501543300492,0.00010564372063069884,0.00020352958485351076,111340.13242353522,127721.32857142857
0.0005127748661930715,0.0008566077100113034,0.013276684341661555,0.01893465220928192,0.00025638743309653575,0.0004283038550056517,96887.11436987705,115572.95558035714
0.0008117585911519563,0.001272632447736604,0.016872840515622312,0.021785061540348188,0.00040587929557597813,0.000636316223868302,332397.45146478445,345719.6125
0.0015508835477489836,0.0026118113393230097,0.01866116888852791,0.026191763473408562,0.0007754417738744918,0.0013059056696615049,148371.4143803127,165196.6535714286
0.0004138776010821099,0.0006785031940255847,0.010290028471397898,0.013896301548395837,0.00020693880054105496,0.00033925159701279233,149072.58511687917,165031.31919642858
0.0002867135565853624,0.0005164736349667822,0.008337311271372244,0.011770612240902015,0.0001433567782926812,0.0002582368174833911,102296.64015539618,119524.11026785715
0.0006479083732308839,0.0010348938039637038,0.014566734912689339,0.02061839093055044,0.00032395418661544195,0.0005174469019818519,110862.34354128719,128816.33616071429
0.0006969861076091844,0.0011400593677535654,0.013656036098191937,0.019202558802706854,0.0003484930538045922,0.0005700296838767827,135299.3399741955,149943.6589285714
0.00022581979469558745,0.0004365465404199702,0.007972964199862664,0.011222873548311847,0.00011290989734779373,0.0002182732702099851,131353.8250749469,142565.20535714287
0.00021821696050202164,0.0004227188715179052,0.00884975945100903,0.012340649855988366,0.00010910848025101082,0.0002113594357589526,104352.37104868701,119755.24308035715
0.0001554141413265925,0.00031965788387294325,0.007676456460890965,0.010398828584168638,7.770707066329625e-05,0.00015982894193647163,153493.75845286885,167506.38482142857
0.00025819675147569605,0.00045591911101447685,0.010434748434688406,0.01376154161989689,0.00012909837573784802,0.00022795955550723843,177677.14796789616,190172.17321428572
0.0009623749027397364,0.0017382787141416755,0.01632363891255045,0.023796945065259933,0.0004811874513698682,0.0008691393570708377,185879.68773717366,195941.46875
0.00020522745662436974,0.00042365710084725706,0.008070290977000719,0.011568159982562064,0.00010261372831218487,0.00021182855042362853,115893.26201996053,130436.41875
0.00026596748834429505,0.0005339103052392602,0.008902895473549962,0.013297666609287263,0.00013298374417214753,0.0002669551526196301,87899.77858891166,105361.7252232143
0.00028122203240018965,0.000571128266996571,0.008375009519580139,0.011985711859805244,0.00014061101620009483,0.0002855641334982855,116083.54924199302,130628.64241071428
0.00012641584390369213,0.00030319583851711027,0.006124824582942341,0.009146572809134211,6.320792195184606e-05,0.00015159791925855513,88505.76030756679,106164.921875
0.00022419529791220766,0.0004501234640234283,0.008056162099360189,0.011426401351179396,0.00011209764895610383,0.00022506173201171416,103330.38393195963,118141.50982142857
0.00016918352010386188,0.00034247402966554677,0.007795159854549003,0.010999144613742828,8.459176005193094e-05,0.00017123701483277338,126692.21300091075,140055.1294642857
0.00028675927777529217,0.0005585669173992106,0.010558332596483127,0.01429820688707488,0.00014337963888764609,0.0002792834586996053,229426.23719262294,238221.9861607143
0.0003997901841276,0.0007006259418890945,0.009772483458483515,0.013682885627661432,0.0001998950920638,0.00035031297094454723,152539.9751916363,164188.87991071428
0.0007572179876421151,0.0012847742731017726,0.012725159111384667,0.01776551040155547,0.00037860899382105757,0.0006423871365508863,95367.3184862629,115009.75379464286
0.0006456264715708744,0.0010396091200943504,0.013343978655690234,0.017786427001867975,0.0003228132357854372,0.0005198045600471752,189101.3631508045,204740.46964285715
0.0008182293464303578,0.001374738324167473,0.01613051738108225,0.02325261724846704,0.0004091146732151789,0.0006873691620837365,119624.47212735277,133444.2683035714
0.0001792380469533121,0.00038213872882936683,0.007735492887216296,0.011420827811317785,8.961902347665605e-05,0.00019106936441468342,92020.58736054189,107046.41450892857
0.00013899796763019388,0.00031000556939813706,0.006868071641216567,0.009749245776661804,6.949898381509694e-05,0.00015500278469906853,81469.78176229508,97600.05401785714
0.00022542432462881388,0.00042755728853600364,0.008639504595274591,0.011731864139437675,0.00011271216231440694,0.00021377864426800182,106405.3673630085,121620.57857142857
0.00014347569902225905,0.0003212035883085004,0.0073083822090126704,0.010500739142298699,7.173784951112953e-05,0.0001606017941542502,92719.54830752884,107345.4439732143
0.00016712324739955186,0.0003778141923248768,0.007013204502723274,0.010583764660571303,8.356162369977593e-05,0.0001889070961624384,86400.41421429113,101579.88058035714
0.00016121931919783102,0.000336459036251264,0.0068411364527696285,0.010032418290419239,8.060965959891551e-05,0.000168229518125632,75212.04974005769,92263.33214285714
0.00032472686413071914,0.0005755136388220957,0.011362423631744306,0.015595516189932823,0.00016236343206535957,0.00028775681941104787,112618.00660765787,127658.75535714286
0.0007359109561895736,0.0012609777938840645,0.015408931216355086,0.02173087266939027,0.0003679554780947868,0.0006304888969420323,154375.91659077108,164832.73928571428
0.0006541630451320928,0.0011030461306550674,0.013950449318987496,0.020054372187171664,0.0003270815225660464,0.0005515230653275337,86927.93042273831,102712.62700892857
0.00013308400609497286,0.00028694167101223555,0.007171776624363646,0.009955591123018945,6.654200304748643e-05,0.00014347083550611778,133551.56470097147,147588.82946428572
0.0009089480328803931,0.0014486382781927075,0.017806046242578578,0.024662793640579495,0.00045447401644019655,0.0007243191390963538,172249.85336027626,184264.10714285713
0.00043666590065664245,0.0007881422277673015,0.011980827449937987,0.017169803380966187,0.00021833295032832123,0.00039407111388365073,142177.42690308136,154474.42544642856
0.0010831225568001144,0.0018503123029534306,0.018525583868587315,0.02635068685880729,0.0005415612784000572,0.0009251561514767153,164749.76759828476,174893.78839285715
0.0016715625439118538,0.002714721199923328,0.023644286513771876,0.03192050180264882,0.0008357812719559269,0.001357360599961664,247128.57021288708,260962.88214285715
0.00016092721946048649,0.00035008173851695443,0.007403016198679814,0.0108481907418796,8.046360973024324e-05,0.00017504086925847721,86024.97538137523,100855.07901785715
0.00026417845618316216,0.000535818312450179,0.008492970487140187,0.01264157917882715,0.00013208922809158108,0.0002679091562250895,86761.60986357772,101583.4984375
0.0005171475528577387,0.0008996050605284316,0.011984507823006703,0.017335451394319534,0.00025857377642886934,0.0004498025302642158,94703.74727724651,109552.503125
0.0003169482802721555,0.0005524605146742293,0.00878095684960964,0.011943825254482883,0.00015847414013607774,0.00027623025733711465,89424.47699889951,105181.68973214286
0.00035916123256900446,0.000549473675034408,0.013704432753035171,0.016016418273959842,0.00017958061628450223,0.000274736837517204,282196.1725295993,287520.64375
0.0015957714240114771,0.0024581725709140302,0.02347214427128045,0.03246611484459468,0.0007978857120057386,0.0012290862854570151,165868.37680251972,177310.11875
0.000529831503297394,0.0009938445407897234,0.010802104349322187,0.01539242837045874,0.000264915751648697,0.0004969222703948617,145504.26967592593,158852.0955357143
0.0006641954959044487,0.0011778028449043632,0.012856319345959079,0.0193873507635934,0.00033209774795222435,0.0005889014224521816,75355.88437784609,90366.12589285715
0.00015772305735817793,0.00032342920977888363,0.007099691980010047,0.010024192397083555,7.886152867908897e-05,0.00016171460488944182,87502.3458039238,102348.025
0.00026027204849793725,0.0005002164597889142,0.00840618956549083,0.012129106212939535,0.00013013602424896863,0.0002501082298944571,104926.77237021858,119407.39129464286
0.0006423606296252566,0.001060802469562207,0.013047910130876226,0.017920155503920145,0.0003211803148126283,0.0005304012347811035,122537.86147635854,135860.64375
0.0001723685579722689,0.0003555706810272698,0.00664520222223214,0.009770500500287329,8.618427898613445e-05,0.0001777853405136349,76699.97028688525,92301.50758928571
0.00013510963579157166,0.00031225704587996007,0.006543920813360193,0.009509216248989105,6.755481789578583e-05,0.00015612852293998004,75401.28922852155,90163.88325892857
0.0008820633032657749,0.0014215723744460515,0.017462444307907974,0.02279165078486715,0.00044103165163288745,0.0007107861872230257,229243.12049370067,237478.84910714286
0.0006329242624447053,0.000973957301383572,0.015003344373756021,0.018870146253279277,0.00031646213122235264,0.000486978650691786,195991.23170916818,208970.30044642856
0.0009933661745265172,0.001493884200629379,0.019922485872515057,0.025904016249946187,0.0004966830872632586,0.0007469421003146895,144510.96552443836,156036.51875
0.00022574739803378564,0.00045998624326395137,0.007812170321704242,0.011721252809677805,0.00011287369901689282,0.00022999312163197568,70139.41572271554,85349.09732142858
0.00012600338625622394,0.00028295431901434703,0.006878669763862652,0.009541734308004379,6.300169312811197e-05,0.00014147715950717352,138218.34648224045,149578.8575892857
0.00014525967739247074,0.000334168309512149,0.00657196334067282,0.009719243166702134,7.262983869623537e-05,0.0001670841547560745,78681.22560906193,92946.51071428572
0.000167498181409496,0.0003436489005772663,0.007627735482998142,0.010886587575078011,8.3749090704748e-05,0.00017182445028863315,123558.11812196417,135472.9236607143
0.0012689632771883904,0.001952798611351422,0.02152011891500148,0.029274937829801014,0.0006344816385941952,0.000976399305675711,141344.33324795082,156499.7517857143
0.00019269330526996715,0.0003890523229659136,0.00837317748367334,0.01129000713782651,9.634665263498357e-05,0.0001945261614829568,134453.1456815422,145469.27321428573
0.00017191260425700753,0.0003540794664461698,0.006922476651270279,0.009965951235166618,8.595630212850376e-05,0.0001770397332230849,85888.62435014421,100132.83147321429
0.0009180176980968346,0.0014838666455554111,0.016485789836835033,0.023656094393559864,0.0004590088490484173,0.0007419333227777056,123343.60405756679,137210.67410714287
0.00016158312923606014,0.0003264465577168656,0.007943472861180577,0.010818939177053316,8.079156461803007e-05,0.0001632232788584328,80663.80994801153,96354.17410714286
0.0002788428760232075,0.0005311301743079509,0.010864624963947767,0.014446127680795534,0.00013942143801160375,0.00026556508715397544,171972.503159153,184067.75982142857
0.00029037877646290134,0.0005475235587385084,0.00917333238896686,0.012978798576763697,0.00014518938823145067,0.0002737617793692542,127127.9386574074,138527.59151785713
0.0006431945859977345,0.0010615048663956779,0.011849040045664755,0.01632219212395804,0.00032159729299886727,0.0005307524331978389,173455.88456284153,183128.5330357143
0.0006761746242504995,0.00126431245090706,0.013312027370642009,0.018825663200446537,0.00033808731212524974,0.00063215622545353,188132.72256375226,202795.07142857142
0.002682103706172056,0.004296950796352965,0.02759858629873795,0.03997384192688125,0.001341051853086028,0.0021484753981764826,135508.01403593656,149434.37410714285
0.001637509733290905,0.002445322947044458,0.024772324951611004,0.033409578246729715,0.0008187548666454525,0.001222661473522229,147099.07479508198,159035.95
0.0002864077428562774,0.000525671780841159,0.009134111723522744,0.0127334042851414,0.0001432038714281387,0.0002628358904205795,121465.6021933819,134134.92142857143
0.0002749646860743128,0.0005261614918708801,0.007907875698188724,0.011679661965795925,0.0001374823430371564,0.00026308074593544005,80277.70114697177,94018.40379464286
0.0011653143436996844,0.0019147208226578576,0.01858680580505727,0.026827774995139667,0.0005826571718498422,0.0009573604113289288,124699.37445924408,137820.99285714285
0.0003026184914240633,0.0005564282581742321,0.008254491068698742,0.01208741060857262,0.00015130924571203164,0.00027821412908711604,82347.5092687462,96330.91205357143
9.18586259793618e-05,0.0002354173413810453,0.005589201976559292,0.008150466425078256,4.59293129896809e-05,0.00011770867069052266,73941.76813904068,89032.86651785714
0.00028720731309724777,0.0005315375115190233,0.009558231388312003,0.013945774946893965,0.00014360365654862389,0.00026576875575951166,78291.11951654524,94035.41183035714
0.0001262748791916357,0.00028609542309173514,0.006116393852908827,0.009089795180729457,6.313743959581785e-05,0.00014304771154586757,83518.02267380085,97323.83236607142
0.0001222995577620243,0.00028940458931694073,0.0060942135117925435,0.009039115559841906,6.114977888101214e-05,0.00014470229465847036,83726.47526753187,96925.10714285714
0.00029823158134459777,0.0005957235914788076,0.007528702967642435,0.011222658758716924,0.00014911579067229889,0.0002978617957394038,77692.28135435641,91750.78348214286
0.0006420566394269743,0.0011467354871066554,0.012566348538368162,0.018620898681027547,0.00032102831971348713,0.0005733677435533277,92002.979721653,103535.08348214286
0.0005645660607740238,0.0009967848026592816,0.013607519905523379,0.01868260380412851,0.0002822830303870119,0.0004983924013296408,255495.141327034,260020.5330357143
0.00033523599575409406,0.0005906434696433799,0.010041936912529203,0.014051921239921024,0.00016761799787704703,0.00029532173482168996,127061.45195336218,138505.4401785714
0.0004911210808899303,0.0008523245574906469,0.012895257434449778,0.018490150411214146,0.0002455605404449652,0.00042616227874532343,106133.49946873102,117669.72455357143
0.0002530625555593618,0.0005000579503497907,0.008809322422301327,0.012097188723938807,0.0001265312777796809,0.00025002897517489533,131770.02016924712,143737.3299107143
0.00046362442424383444,0.0007845027106148856,0.012300671505191577,0.01580864941435201,0.00023181221212191722,0.0003922513553074428,148812.91431390407,160832.50401785714
0.00012408129680718273,0.0002736204228962639,0.0061592134736414995,0.009051489297832761,6.204064840359137e-05,0.00013681021144813194,82920.08369858075,98021.01294642857
9.402705627513634e-05,0.00025066311354748905,0.0052351298929731015,0.008070055235709464,4.701352813756817e-05,0.00012533155677374452,63672.21400178355,78585.5299107143
0.0005080676862185976,0.0009475832538945334,0.011774441459157934,0.017361322258199963,0.0002540338431092988,0.0004737916269472667,126765.4390795765,137776.03258928572
9.04039040451508e-05,0.00024534108732560914,0.005158712415100411,0.007934999758643764,4.52019520225754e-05,0.00012267054366280457,70218.50935412872,84911.64575892857
0.001747686502568392,0.0027440105697938374,0.024582037958924382,0.034673104541642324,0.000873843251284196,0.0013720052848969187,127870.46938562537,142428.26651785715
0.00030279907668077254,0.0005911147704214922,0.010652526329838657,0.014979283564857074,0.00015139953834038627,0.0002955573852107461,151094.046523983,160350.19955357144
0.00020741431289625313,0.00042793331002550464,0.007350361434958816,0.010552846533911569,0.00010370715644812656,0.00021396665501275232,117267.11132931086,129080.2642857143
0.0017071036983402385,0.002776686288416386,0.022740227469420102,0.03246706394212587,0.0008535518491701192,0.001388343144208193,134214.44938714328,144915.246875
0.0006767494882695585,0.0011156053016228335,0.015695654549061997,0.022047069455896105,0.00033837474413477925,0.0005578026508114167,81907.27504079387,95270.43258928572
0.0001431119943462577,0.00030465078806238516,0.0065098269393019555,0.009264881403318473,7.155599717312885e-05,0.00015232539403119258,75929.54891469338,89623.23258928572
